job_role,base_salary,education_level,education_multiplier,location,location_multiplier,company1,company2,company3,company4,company5,min_education
Software Engineer,8.0,PhD,1.5,Mumbai,1.4,Microsoft,Google,Amazon,TCS,Infosys,Bachelor
Data Analyst,7.0,Master,1.3,Bangalore,1.35,Amazon,Flipkart,IBM,Accenture,Deloitte,Bachelor
Project Manager,12.0,Bachelor,1.0,Delhi,1.3,TCS,Infosys,Wipro,Cognizant,Tech Mahindra,Bachelor
HR Manager,8.0,Associate,0.8,Hyderabad,1.25,Infosys,TCS,Wipro,HCL,Accenture,Bachelor
DevOps Engineer,10.0,Diploma,0.7,Pune,1.2,Amazon,Microsoft,Google,IBM,Oracle,Diploma
Product Manager,15.0,High School,0.6,Chennai,1.2,Google,Microsoft,Amazon,Flipkart,Swiggy,Bachelor
Business Analyst,7.0,Bachelor,1.0,Kolkata,1.15,Accenture,Deloitte,IBM,TCS,Cognizant,Bachelor
Marketing Manager,9.0,Bachelor,1.0,Mumbai,1.4,Unilever,P&G,Coca-Cola,PepsiCo,ITC,Bachelor
UX/UI Designer,8.0,Diploma,0.7,Bangalore,1.35,Google,Microsoft,Apple,Flipkart,Swiggy,Diploma
Cybersecurity Analyst,11.0,Bachelor,1.0,Hyderabad,1.25,IBM,Cisco,Microsoft,TCS,Infosys,Bachelor
Cloud Architect,18.0,Master,1.3,Delhi,1.3,Amazon AWS,Microsoft Azure,Google Cloud,IBM Cloud,Oracle Cloud,Bachelor
AI/ML Engineer,15.0,Master,1.3,Bangalore,1.35,Google,Microsoft,Amazon,IBM,Intel,Master
Finance Manager,12.0,Bachelor,1.0,Mumbai,1.4,HDFC Bank,ICICI Bank,SBI,Axis Bank,Kotak Mahindra,Bachelor
Graphic Designer,6.0,Diploma,0.7,Pune,1.2,Adobe,Infosys,TCS,Wipro,Tech Mahindra,Diploma
Full Stack Developer,9.0,Master,1.3,Mumbai,1.4,Microsoft,Google,Meta,Twitter,LinkedIn,Bachelor
Mobile App Developer,8.5,Bachelor,1.0,Bangalore,1.35,Apple,Google,Uber,Ola,Swiggy,Bachelor
Database Administrator,10.0,Bachelor,1.0,Hyderabad,1.25,Oracle,MongoDB,MySQL,PostgreSQL,Redis,Bachelor
Network Engineer,7.5,Diploma,0.7,Delhi,1.3,Cisco,Juniper,Nokia,Ericsson,Huawei,Diploma
System Administrator,8.0,Diploma,0.7,Pune,1.2,IBM,HP,Dell,Lenovo,VMware,Diploma
Quality Assurance Engineer,7.0,Bachelor,1.0,Chennai,1.2,TCS,Infosys,Wipro,Cognizant,HCL,Bachelor
Technical Writer,6.5,Bachelor,1.0,Kolkata,1.15,Google,Microsoft,Amazon,Red Hat,Oracle,Bachelor
Data Scientist,14.0,PhD,1.5,Bangalore,1.35,Google,Meta,Amazon,IBM,Intel,Master
Game Developer,9.0,Bachelor,1.0,Pune,1.2,EA,Ubisoft,Rockstar,Unity,Epic Games,Bachelor
Blockchain Developer,13.0,Master,1.3,Mumbai,1.4,Polygon,WazirX,CoinDCX,Binance,Ethereum,Bachelor
IoT Engineer,11.0,Bachelor,1.0,Bangalore,1.35,Bosch,Siemens,Samsung,LG,Intel,Bachelor
Digital Marketing Manager,8.0,Bachelor,1.0,Delhi,1.3,Google,Meta,Twitter,LinkedIn,HubSpot,Bachelor
Content Manager,7.0,Bachelor,1.0,Mumbai,1.4,Times,HT Media,Network18,NDTV,India Today,Bachelor
IT Support Specialist,5.5,Diploma,0.7,Chennai,1.2,Dell,HP,Lenovo,Acer,ASUS,Diploma
Research Scientist,16.0,PhD,1.5,Bangalore,1.35,ISRO,DRDO,BARC,CSIR,IISc,PhD
Sales Engineer,8.5,Bachelor,1.0,Mumbai,1.4,SAP,Oracle,Salesforce,Adobe,VMware,Bachelor
Hardware Engineer,9.0,Bachelor,1.0,Pune,1.2,Intel,AMD,Nvidia,Qualcomm,ARM,Bachelor
Embedded Systems Engineer,10.0,Bachelor,1.0,Bangalore,1.35,Samsung,LG,Bosch,Siemens,Intel,Bachelor
Cloud Security Engineer,12.0,Bachelor,1.0,Hyderabad,1.25,AWS,Microsoft,Google,IBM,Oracle,Bachelor
RPA Developer,9.5,Bachelor,1.0,Pune,1.2,UiPath,Automation Anywhere,Blue Prism,Microsoft,SAP,Bachelor
ERP Consultant,11.0,Bachelor,1.0,Mumbai,1.4,SAP,Oracle,Microsoft,Infor,Sage,Bachelor
